GTTACGCACAAGACGTTATA	GGGGACCATGTAGGATCAGG	12
TGCCTATTACGCGTCCACAG	CATTTGCTCCCACGCTAATA	7
CATCTGTATAAGTTAGAAAA	CCTCATCGGAAAACAGTGGA	18
TTGTTATAGCACGAATATCC	CCTCATCGGAAAACAGTGGA	11
CCCAGTCGTATTAAGCCGCC	CCGGGCCACTACCTCATGTT	6
CACAGCGACGAGGTGGCCGG	GCCACCACTATAGATATGAC	15
TACTGTGCGGAGAACCGCCC	CCTCATCGGAAAACAGTGGA	9
GTTTTTCCAAGCGGGGGAAC	TAAGCAGGCCATCGCCGGAA	7
AGCTCAGAAGCAGGTTCAAA	TGTCCCTGAGAGAATCGTCG	10
TGCCTATTACGCGTCCACAG	CCGGGCCACTACCTCATGTT	6
GTTACGCACAAGACGTTATA	GCCACCACTATAGATATGAC	7
CCCAGTCGTATTAAGCCGCC	TGTCCCTGAGAGAATCGTCG	9
GTTTTTCCAAGCGGGGGAAC	TGTCCCTGAGAGAATCGTCG	12
TGCCTATTACGCGTCCACAG	TGTCCCTGAGAGAATCGTCG	10
TTGTTATAGCACGAATATCC	CATCAACTGAGTTAAACAGT	19
CACAGCGACGAGGTGGCCGG	CCTCATCGGAAAACAGTGGA	10
CCCAGTCGTATTAAGCCGCC	TCGGTCCAATATAATGGCCT	7
GTTACGCACAAGACGTTATA	CCGGGCCACTACCTCATGTT	13
TGCCTATTACGCGTCCACAG	TCGGTCCAATATAATGGCCT	7
CACAGCGACGAGGTGGCCGG	GGGGACCATGTAGGATCAGG	9
AGCTCAGAAGCAGGTTCAAA	TAAGCAGGCCATCGCCGGAA	9
CATCTGTATAAGTTAGAAAA	TAAGCAGGCCATCGCCGGAA	14
GTTACGCACAAGACGTTATA	CTTAGATGCAATGAAAGAAC	7
TACTGTGCGGAGAACCGCCC	CTTAGATGCAATGAAAGAAC	13
TGGCGGGGGCATGTCAATCC	CTTAGATGCAATGAAAGAAC	12
TACTGTGCGGAGAACCGCCC	CATCAACTGAGTTAAACAGT	6
CACAGCGACGAGGTGGCCGG	TGTCCCTGAGAGAATCGTCG	17
GTTACGCACAAGACGTTATA	TGTCCCTGAGAGAATCGTCG	8
TTGTTATAGCACGAATATCC	CCGGGCCACTACCTCATGTT	6
TGGCGGGGGCATGTCAATCC	GGGGACCATGTAGGATCAGG	12
TGGCGGGGGCATGTCAATCC	TAAGCAGGCCATCGCCGGAA	15
GTTACGCACAAGACGTTATA	CATTTGCTCCCACGCTAATA	9
CCCAGTCGTATTAAGCCGCC	CATCAACTGAGTTAAACAGT	11
GTTTTTCCAAGCGGGGGAAC	CCTCATCGGAAAACAGTGGA	10
AGCTCAGAAGCAGGTTCAAA	CCGGGCCACTACCTCATGTT	12
TACTGTGCGGAGAACCGCCC	CCGGGCCACTACCTCATGTT	11
CATCTGTATAAGTTAGAAAA	CCGGGCCACTACCTCATGTT	11
AGCTCAGAAGCAGGTTCAAA	CCTCATCGGAAAACAGTGGA	8
CACAGCGACGAGGTGGCCGG	CTTAGATGCAATGAAAGAAC	11
GTTTTTCCAAGCGGGGGAAC	CTTAGATGCAATGAAAGAAC	11
GTTACGCACAAGACGTTATA	CCTCATCGGAAAACAGTGGA	7
TGCCTATTACGCGTCCACAG	CCTCATCGGAAAACAGTGGA	6
TACTGTGCGGAGAACCGCCC	CATTTGCTCCCACGCTAATA	10
CACAGCGACGAGGTGGCCGG	CATTTGCTCCCACGCTAATA	11
AGCTCAGAAGCAGGTTCAAA	CATCAACTGAGTTAAACAGT	9
TTGTTATAGCACGAATATCC	TCGGTCCAATATAATGGCCT	14
CATCTGTATAAGTTAGAAAA	CATCAACTGAGTTAAACAGT	11
CCCAGTCGTATTAAGCCGCC	CATTTGCTCCCACGCTAATA	10
AGCTCAGAAGCAGGTTCAAA	GGGGACCATGTAGGATCAGG	5
CATCTGTATAAGTTAGAAAA	TGTCCCTGAGAGAATCGTCG	17
TTGTTATAGCACGAATATCC	TGTCCCTGAGAGAATCGTCG	9
CCCAGTCGTATTAAGCCGCC	CTTAGATGCAATGAAAGAAC	10
CCCAGTCGTATTAAGCCGCC	TAAGCAGGCCATCGCCGGAA	7
TGGCGGGGGCATGTCAATCC	GCCACCACTATAGATATGAC	18
TGGCGGGGGCATGTCAATCC	TCGGTCCAATATAATGGCCT	9
TACTGTGCGGAGAACCGCCC	TAAGCAGGCCATCGCCGGAA	7
GTTTTTCCAAGCGGGGGAAC	GGGGACCATGTAGGATCAGG	11
TGCCTATTACGCGTCCACAG	TAAGCAGGCCATCGCCGGAA	12
CATCTGTATAAGTTAGAAAA	GGGGACCATGTAGGATCAGG	7
TGCCTATTACGCGTCCACAG	CTTAGATGCAATGAAAGAAC	11
TGCCTATTACGCGTCCACAG	CATCAACTGAGTTAAACAGT	8
CCCAGTCGTATTAAGCCGCC	CCTCATCGGAAAACAGTGGA	15
CATCTGTATAAGTTAGAAAA	GCCACCACTATAGATATGAC	13
AGCTCAGAAGCAGGTTCAAA	TCGGTCCAATATAATGGCCT	8
CACAGCGACGAGGTGGCCGG	CCGGGCCACTACCTCATGTT	7
GTTTTTCCAAGCGGGGGAAC	CATTTGCTCCCACGCTAATA	15
CATCTGTATAAGTTAGAAAA	CTTAGATGCAATGAAAGAAC	14
AGCTCAGAAGCAGGTTCAAA	CTTAGATGCAATGAAAGAAC	10
TTGTTATAGCACGAATATCC	TAAGCAGGCCATCGCCGGAA	6
TACTGTGCGGAGAACCGCCC	TGTCCCTGAGAGAATCGTCG	12
GTTTTTCCAAGCGGGGGAAC	CCGGGCCACTACCTCATGTT	11
TGGCGGGGGCATGTCAATCC	CCTCATCGGAAAACAGTGGA	11
TGCCTATTACGCGTCCACAG	GGGGACCATGTAGGATCAGG	10
GTTTTTCCAAGCGGGGGAAC	TCGGTCCAATATAATGGCCT	14
CACAGCGACGAGGTGGCCGG	CATCAACTGAGTTAAACAGT	12
CACAGCGACGAGGTGGCCGG	TAAGCAGGCCATCGCCGGAA	11
GTTACGCACAAGACGTTATA	CATCAACTGAGTTAAACAGT	10
TTGTTATAGCACGAATATCC	CTTAGATGCAATGAAAGAAC	9
CCCAGTCGTATTAAGCCGCC	GGGGACCATGTAGGATCAGG	15
TGGCGGGGGCATGTCAATCC	CATTTGCTCCCACGCTAATA	9
TTGTTATAGCACGAATATCC	CATTTGCTCCCACGCTAATA	3
CATCTGTATAAGTTAGAAAA	TCGGTCCAATATAATGGCCT	10
GTTTTTCCAAGCGGGGGAAC	CATCAACTGAGTTAAACAGT	9
TGGCGGGGGCATGTCAATCC	CCGGGCCACTACCTCATGTT	8
CCCAGTCGTATTAAGCCGCC	GCCACCACTATAGATATGAC	8
GTTACGCACAAGACGTTATA	TCGGTCCAATATAATGGCCT	4
CATCTGTATAAGTTAGAAAA	CATTTGCTCCCACGCTAATA	15
TACTGTGCGGAGAACCGCCC	TCGGTCCAATATAATGGCCT	8
GTTACGCACAAGACGTTATA	TAAGCAGGCCATCGCCGGAA	7
GTTTTTCCAAGCGGGGGAAC	GCCACCACTATAGATATGAC	8
TGGCGGGGGCATGTCAATCC	TGTCCCTGAGAGAATCGTCG	13
TTGTTATAGCACGAATATCC	GCCACCACTATAGATATGAC	10
TTGTTATAGCACGAATATCC	GGGGACCATGTAGGATCAGG	3
TACTGTGCGGAGAACCGCCC	GCCACCACTATAGATATGAC	8
CACAGCGACGAGGTGGCCGG	TCGGTCCAATATAATGGCCT	9
TGGCGGGGGCATGTCAATCC	CATCAACTGAGTTAAACAGT	13
TACTGTGCGGAGAACCGCCC	GGGGACCATGTAGGATCAGG	3
AGCTCAGAAGCAGGTTCAAA	GCCACCACTATAGATATGAC	8
AGCTCAGAAGCAGGTTCAAA	CATTTGCTCCCACGCTAATA	7
TGCCTATTACGCGTCCACAG	GCCACCACTATAGATATGAC	8
