GTTACGCACAAGACGTTATA	TAAGCAGGCCATCGCCGGAA	9
CACAGCGACGAGGTGGCCGG	TAAGCAGGCCATCGCCGGAA	13
TTGTTATAGCACGAATATCC	CCTCATCGGAAAACAGTGGA	11
CCCAGTCGTATTAAGCCGCC	CATTTGCTCCCACGCTAATA	11
TACTGTGCGGAGAACCGCCC	CCTCATCGGAAAACAGTGGA	8
CCCAGTCGTATTAAGCCGCC	CATCAACTGAGTTAAACAGT	7
TTGTTATAGCACGAATATCC	CCGGGCCACTACCTCATGTT	17
GTTACGCACAAGACGTTATA	GCCACCACTATAGATATGAC	8
TGCCTATTACGCGTCCACAG	TGTCCCTGAGAGAATCGTCG	9
AGCTCAGAAGCAGGTTCAAA	CCTCATCGGAAAACAGTGGA	8
GTTACGCACAAGACGTTATA	CCGGGCCACTACCTCATGTT	11
TGGCGGGGGCATGTCAATCC	GGGGACCATGTAGGATCAGG	11
AGCTCAGAAGCAGGTTCAAA	CATCAACTGAGTTAAACAGT	8
CACAGCGACGAGGTGGCCGG	GCCACCACTATAGATATGAC	5
TACTGTGCGGAGAACCGCCC	TCGGTCCAATATAATGGCCT	12
GTTACGCACAAGACGTTATA	CATTTGCTCCCACGCTAATA	7
CCCAGTCGTATTAAGCCGCC	CCTCATCGGAAAACAGTGGA	14
TTGTTATAGCACGAATATCC	GGGGACCATGTAGGATCAGG	12
TTGTTATAGCACGAATATCC	CATTTGCTCCCACGCTAATA	9
TGGCGGGGGCATGTCAATCC	CCTCATCGGAAAACAGTGGA	12
TGCCTATTACGCGTCCACAG	GCCACCACTATAGATATGAC	13
AGCTCAGAAGCAGGTTCAAA	TGTCCCTGAGAGAATCGTCG	9
AGCTCAGAAGCAGGTTCAAA	CTTAGATGCAATGAAAGAAC	6
TTGTTATAGCACGAATATCC	TCGGTCCAATATAATGGCCT	3
TACTGTGCGGAGAACCGCCC	CCGGGCCACTACCTCATGTT	6
TGGCGGGGGCATGTCAATCC	CATCAACTGAGTTAAACAGT	7
CATCTGTATAAGTTAGAAAA	TGTCCCTGAGAGAATCGTCG	6
TGGCGGGGGCATGTCAATCC	CCGGGCCACTACCTCATGTT	12
TGCCTATTACGCGTCCACAG	GGGGACCATGTAGGATCAGG	8
AGCTCAGAAGCAGGTTCAAA	GCCACCACTATAGATATGAC	13
AGCTCAGAAGCAGGTTCAAA	TCGGTCCAATATAATGGCCT	11
TACTGTGCGGAGAACCGCCC	CATCAACTGAGTTAAACAGT	12
CATCTGTATAAGTTAGAAAA	GCCACCACTATAGATATGAC	11
GTTTTTCCAAGCGGGGGAAC	TAAGCAGGCCATCGCCGGAA	10
AGCTCAGAAGCAGGTTCAAA	GGGGACCATGTAGGATCAGG	7
AGCTCAGAAGCAGGTTCAAA	TAAGCAGGCCATCGCCGGAA	10
TTGTTATAGCACGAATATCC	CATCAACTGAGTTAAACAGT	7
CATCTGTATAAGTTAGAAAA	CCTCATCGGAAAACAGTGGA	9
GTTTTTCCAAGCGGGGGAAC	TCGGTCCAATATAATGGCCT	13
TACTGTGCGGAGAACCGCCC	CATTTGCTCCCACGCTAATA	6
GTTACGCACAAGACGTTATA	TCGGTCCAATATAATGGCCT	10
TGGCGGGGGCATGTCAATCC	GCCACCACTATAGATATGAC	8
TACTGTGCGGAGAACCGCCC	TGTCCCTGAGAGAATCGTCG	10
TACTGTGCGGAGAACCGCCC	CTTAGATGCAATGAAAGAAC	5
CATCTGTATAAGTTAGAAAA	CATCAACTGAGTTAAACAGT	5
TGCCTATTACGCGTCCACAG	TCGGTCCAATATAATGGCCT	9
CCCAGTCGTATTAAGCCGCC	TCGGTCCAATATAATGGCCT	16
CACAGCGACGAGGTGGCCGG	CATTTGCTCCCACGCTAATA	9
CACAGCGACGAGGTGGCCGG	CTTAGATGCAATGAAAGAAC	7
CCCAGTCGTATTAAGCCGCC	GCCACCACTATAGATATGAC	6
CACAGCGACGAGGTGGCCGG	TGTCCCTGAGAGAATCGTCG	6
TACTGTGCGGAGAACCGCCC	TAAGCAGGCCATCGCCGGAA	9
TGGCGGGGGCATGTCAATCC	TCGGTCCAATATAATGGCCT	7
TGCCTATTACGCGTCCACAG	CATCAACTGAGTTAAACAGT	12
TGGCGGGGGCATGTCAATCC	TAAGCAGGCCATCGCCGGAA	14
CATCTGTATAAGTTAGAAAA	CCGGGCCACTACCTCATGTT	16
TGCCTATTACGCGTCCACAG	CTTAGATGCAATGAAAGAAC	7
CACAGCGACGAGGTGGCCGG	TCGGTCCAATATAATGGCCT	14
CATCTGTATAAGTTAGAAAA	TCGGTCCAATATAATGGCCT	9
GTTTTTCCAAGCGGGGGAAC	CATCAACTGAGTTAAACAGT	5
TGGCGGGGGCATGTCAATCC	CTTAGATGCAATGAAAGAAC	9
CACAGCGACGAGGTGGCCGG	CCTCATCGGAAAACAGTGGA	9
CATCTGTATAAGTTAGAAAA	GGGGACCATGTAGGATCAGG	9
GTTTTTCCAAGCGGGGGAAC	CTTAGATGCAATGAAAGAAC	15
GTTACGCACAAGACGTTATA	CTTAGATGCAATGAAAGAAC	5
GTTTTTCCAAGCGGGGGAAC	TGTCCCTGAGAGAATCGTCG	8
CCCAGTCGTATTAAGCCGCC	TGTCCCTGAGAGAATCGTCG	9
TTGTTATAGCACGAATATCC	TAAGCAGGCCATCGCCGGAA	7
TGGCGGGGGCATGTCAATCC	CATTTGCTCCCACGCTAATA	10
AGCTCAGAAGCAGGTTCAAA	CCGGGCCACTACCTCATGTT	12
GTTTTTCCAAGCGGGGGAAC	GGGGACCATGTAGGATCAGG	11
GTTTTTCCAAGCGGGGGAAC	CCGGGCCACTACCTCATGTT	6
TGCCTATTACGCGTCCACAG	TAAGCAGGCCATCGCCGGAA	5
GTTTTTCCAAGCGGGGGAAC	CCTCATCGGAAAACAGTGGA	12
CATCTGTATAAGTTAGAAAA	CTTAGATGCAATGAAAGAAC	5
AGCTCAGAAGCAGGTTCAAA	CATTTGCTCCCACGCTAATA	7
GTTACGCACAAGACGTTATA	GGGGACCATGTAGGATCAGG	5
CACAGCGACGAGGTGGCCGG	GGGGACCATGTAGGATCAGG	9
CACAGCGACGAGGTGGCCGG	CATCAACTGAGTTAAACAGT	6
CCCAGTCGTATTAAGCCGCC	CTTAGATGCAATGAAAGAAC	7
TGCCTATTACGCGTCCACAG	CCGGGCCACTACCTCATGTT	11
TGCCTATTACGCGTCCACAG	CATTTGCTCCCACGCTAATA	11
TGGCGGGGGCATGTCAATCC	TGTCCCTGAGAGAATCGTCG	10
GTTACGCACAAGACGTTATA	CCTCATCGGAAAACAGTGGA	11
CATCTGTATAAGTTAGAAAA	TAAGCAGGCCATCGCCGGAA	5
GTTTTTCCAAGCGGGGGAAC	GCCACCACTATAGATATGAC	11
TACTGTGCGGAGAACCGCCC	GCCACCACTATAGATATGAC	14
TTGTTATAGCACGAATATCC	GCCACCACTATAGATATGAC	9
GTTTTTCCAAGCGGGGGAAC	CATTTGCTCCCACGCTAATA	6
GTTACGCACAAGACGTTATA	CATCAACTGAGTTAAACAGT	6
TTGTTATAGCACGAATATCC	CTTAGATGCAATGAAAGAAC	11
CCCAGTCGTATTAAGCCGCC	GGGGACCATGTAGGATCAGG	6
CATCTGTATAAGTTAGAAAA	CATTTGCTCCCACGCTAATA	4
TGCCTATTACGCGTCCACAG	CCTCATCGGAAAACAGTGGA	10
CCCAGTCGTATTAAGCCGCC	TAAGCAGGCCATCGCCGGAA	9
CCCAGTCGTATTAAGCCGCC	CCGGGCCACTACCTCATGTT	8
TACTGTGCGGAGAACCGCCC	GGGGACCATGTAGGATCAGG	6
TTGTTATAGCACGAATATCC	TGTCCCTGAGAGAATCGTCG	4
CACAGCGACGAGGTGGCCGG	CCGGGCCACTACCTCATGTT	4
GTTACGCACAAGACGTTATA	TGTCCCTGAGAGAATCGTCG	7
