GTTTTTCCAAGCGGGGGAAC	GCCACCACTATAGATATGAC	12
TGCCTATTACGCGTCCACAG	TGTCCCTGAGAGAATCGTCG	13
AGCTCAGAAGCAGGTTCAAA	CATTTGCTCCCACGCTAATA	8
TTGTTATAGCACGAATATCC	CATCAACTGAGTTAAACAGT	10
CCCAGTCGTATTAAGCCGCC	TCGGTCCAATATAATGGCCT	8
GTTACGCACAAGACGTTATA	CTTAGATGCAATGAAAGAAC	10
CACAGCGACGAGGTGGCCGG	GGGGACCATGTAGGATCAGG	7
CACAGCGACGAGGTGGCCGG	CCTCATCGGAAAACAGTGGA	13
CCCAGTCGTATTAAGCCGCC	TGTCCCTGAGAGAATCGTCG	11
TACTGTGCGGAGAACCGCCC	CCTCATCGGAAAACAGTGGA	10
GTTACGCACAAGACGTTATA	CATTTGCTCCCACGCTAATA	12
TGGCGGGGGCATGTCAATCC	CCTCATCGGAAAACAGTGGA	8
AGCTCAGAAGCAGGTTCAAA	GCCACCACTATAGATATGAC	6
CCCAGTCGTATTAAGCCGCC	CATCAACTGAGTTAAACAGT	11
TACTGTGCGGAGAACCGCCC	CCGGGCCACTACCTCATGTT	14
CATCTGTATAAGTTAGAAAA	CATCAACTGAGTTAAACAGT	10
CCCAGTCGTATTAAGCCGCC	CATTTGCTCCCACGCTAATA	14
GTTTTTCCAAGCGGGGGAAC	CTTAGATGCAATGAAAGAAC	8
CCCAGTCGTATTAAGCCGCC	TAAGCAGGCCATCGCCGGAA	6
GTTTTTCCAAGCGGGGGAAC	TAAGCAGGCCATCGCCGGAA	4
TGGCGGGGGCATGTCAATCC	TGTCCCTGAGAGAATCGTCG	13
TACTGTGCGGAGAACCGCCC	CATTTGCTCCCACGCTAATA	9
CACAGCGACGAGGTGGCCGG	CATTTGCTCCCACGCTAATA	12
AGCTCAGAAGCAGGTTCAAA	CATCAACTGAGTTAAACAGT	10
GTTTTTCCAAGCGGGGGAAC	CATTTGCTCCCACGCTAATA	10
AGCTCAGAAGCAGGTTCAAA	TGTCCCTGAGAGAATCGTCG	10
AGCTCAGAAGCAGGTTCAAA	CTTAGATGCAATGAAAGAAC	13
CATCTGTATAAGTTAGAAAA	CCTCATCGGAAAACAGTGGA	12
TGGCGGGGGCATGTCAATCC	CATCAACTGAGTTAAACAGT	9
TGCCTATTACGCGTCCACAG	TCGGTCCAATATAATGGCCT	10
TGGCGGGGGCATGTCAATCC	GGGGACCATGTAGGATCAGG	7
GTTACGCACAAGACGTTATA	CCGGGCCACTACCTCATGTT	7
GTTTTTCCAAGCGGGGGAAC	GGGGACCATGTAGGATCAGG	11
CACAGCGACGAGGTGGCCGG	GCCACCACTATAGATATGAC	10
TACTGTGCGGAGAACCGCCC	CTTAGATGCAATGAAAGAAC	11
GTTTTTCCAAGCGGGGGAAC	TGTCCCTGAGAGAATCGTCG	10
GTTTTTCCAAGCGGGGGAAC	CATCAACTGAGTTAAACAGT	9
TACTGTGCGGAGAACCGCCC	CATCAACTGAGTTAAACAGT	6
TTGTTATAGCACGAATATCC	CTTAGATGCAATGAAAGAAC	9
GTTACGCACAAGACGTTATA	TGTCCCTGAGAGAATCGTCG	9
TACTGTGCGGAGAACCGCCC	TGTCCCTGAGAGAATCGTCG	9
GTTACGCACAAGACGTTATA	GCCACCACTATAGATATGAC	4
TTGTTATAGCACGAATATCC	CCTCATCGGAAAACAGTGGA	7
CACAGCGACGAGGTGGCCGG	CCGGGCCACTACCTCATGTT	2
TGCCTATTACGCGTCCACAG	TAAGCAGGCCATCGCCGGAA	12
AGCTCAGAAGCAGGTTCAAA	CCGGGCCACTACCTCATGTT	6
CATCTGTATAAGTTAGAAAA	GCCACCACTATAGATATGAC	9
TGCCTATTACGCGTCCACAG	CTTAGATGCAATGAAAGAAC	9
GTTACGCACAAGACGTTATA	GGGGACCATGTAGGATCAGG	9
TGGCGGGGGCATGTCAATCC	CCGGGCCACTACCTCATGTT	8
CATCTGTATAAGTTAGAAAA	CTTAGATGCAATGAAAGAAC	4
AGCTCAGAAGCAGGTTCAAA	CCTCATCGGAAAACAGTGGA	10
CACAGCGACGAGGTGGCCGG	TGTCCCTGAGAGAATCGTCG	12
GTTACGCACAAGACGTTATA	TAAGCAGGCCATCGCCGGAA	6
GTTTTTCCAAGCGGGGGAAC	CCTCATCGGAAAACAGTGGA	11
GTTACGCACAAGACGTTATA	TCGGTCCAATATAATGGCCT	9
TTGTTATAGCACGAATATCC	CATTTGCTCCCACGCTAATA	6
TTGTTATAGCACGAATATCC	TAAGCAGGCCATCGCCGGAA	14
AGCTCAGAAGCAGGTTCAAA	GGGGACCATGTAGGATCAGG	4
TGCCTATTACGCGTCCACAG	CCTCATCGGAAAACAGTGGA	9
TGCCTATTACGCGTCCACAG	CATCAACTGAGTTAAACAGT	12
TGCCTATTACGCGTCCACAG	CCGGGCCACTACCTCATGTT	9
CACAGCGACGAGGTGGCCGG	CTTAGATGCAATGAAAGAAC	7
TACTGTGCGGAGAACCGCCC	TCGGTCCAATATAATGGCCT	10
TGGCGGGGGCATGTCAATCC	CATTTGCTCCCACGCTAATA	14
CATCTGTATAAGTTAGAAAA	TAAGCAGGCCATCGCCGGAA	10
TGGCGGGGGCATGTCAATCC	CTTAGATGCAATGAAAGAAC	13
GTTTTTCCAAGCGGGGGAAC	CCGGGCCACTACCTCATGTT	8
TTGTTATAGCACGAATATCC	CCGGGCCACTACCTCATGTT	14
GTTTTTCCAAGCGGGGGAAC	TCGGTCCAATATAATGGCCT	13
GTTACGCACAAGACGTTATA	CATCAACTGAGTTAAACAGT	10
CACAGCGACGAGGTGGCCGG	CATCAACTGAGTTAAACAGT	10
CCCAGTCGTATTAAGCCGCC	CCTCATCGGAAAACAGTGGA	11
CCCAGTCGTATTAAGCCGCC	CTTAGATGCAATGAAAGAAC	8
CATCTGTATAAGTTAGAAAA	TCGGTCCAATATAATGGCCT	13
TTGTTATAGCACGAATATCC	TCGGTCCAATATAATGGCCT	14
TGCCTATTACGCGTCCACAG	GCCACCACTATAGATATGAC	15
TGGCGGGGGCATGTCAATCC	TCGGTCCAATATAATGGCCT	10
CATCTGTATAAGTTAGAAAA	GGGGACCATGTAGGATCAGG	9
AGCTCAGAAGCAGGTTCAAA	TAAGCAGGCCATCGCCGGAA	6
TACTGTGCGGAGAACCGCCC	GGGGACCATGTAGGATCAGG	11
AGCTCAGAAGCAGGTTCAAA	TCGGTCCAATATAATGGCCT	15
CATCTGTATAAGTTAGAAAA	CATTTGCTCCCACGCTAATA	12
CACAGCGACGAGGTGGCCGG	TCGGTCCAATATAATGGCCT	9
CATCTGTATAAGTTAGAAAA	TGTCCCTGAGAGAATCGTCG	9
CCCAGTCGTATTAAGCCGCC	GGGGACCATGTAGGATCAGG	7
TACTGTGCGGAGAACCGCCC	TAAGCAGGCCATCGCCGGAA	10
TGCCTATTACGCGTCCACAG	CATTTGCTCCCACGCTAATA	3
CATCTGTATAAGTTAGAAAA	CCGGGCCACTACCTCATGTT	5
CCCAGTCGTATTAAGCCGCC	CCGGGCCACTACCTCATGTT	11
TGGCGGGGGCATGTCAATCC	GCCACCACTATAGATATGAC	7
TACTGTGCGGAGAACCGCCC	GCCACCACTATAGATATGAC	7
TTGTTATAGCACGAATATCC	GCCACCACTATAGATATGAC	12
TGGCGGGGGCATGTCAATCC	TAAGCAGGCCATCGCCGGAA	14
CCCAGTCGTATTAAGCCGCC	GCCACCACTATAGATATGAC	12
CACAGCGACGAGGTGGCCGG	TAAGCAGGCCATCGCCGGAA	14
GTTACGCACAAGACGTTATA	CCTCATCGGAAAACAGTGGA	9
TGCCTATTACGCGTCCACAG	GGGGACCATGTAGGATCAGG	8
TTGTTATAGCACGAATATCC	GGGGACCATGTAGGATCAGG	6
TTGTTATAGCACGAATATCC	TGTCCCTGAGAGAATCGTCG	1
